#,"Country,",Total,New,Total,New,Total,New,Active,"Serious,",Tot Cases/,Deaths/,Total,Tests/,Population
,Other,Cases,Cases,Deaths,Deaths,Recovered,Recovered,Cases,Critical,1M pop,1M pop,Tests,1M pop,
1,USA,"10,66,78,503",,"11,61,164",,"10,45,84,018",,"9,33,321","1,370","3,18,629","3,468","1,17,73,60,491","35,16,553","33,48,05,269"
2,India,"4,49,49,671",,"5,31,547",,"4,43,70,878",,"47,246",N/A,"31,956",378,"92,66,73,860","6,58,789","1,40,66,31,776"
3,France,"3,99,91,340",,"1,66,556",,"3,96,86,700",,"1,38,084",869,"6,09,768","2,540","27,14,90,188","41,39,547","6,55,84,518"
4,Germany,"3,84,03,667",,"1,73,044",,"3,81,97,100",,"33,523",N/A,"4,57,821","2,063","12,23,32,384","14,58,359","8,38,83,596"
5,Brazil,"3,74,49,418",,"7,01,494",,"3,62,49,161",,"4,98,763",N/A,"1,73,897","3,257","6,37,76,166","2,96,146","21,53,53,593"
6,Japan,"3,37,25,765",,"74,550",,"2,17,25,273",,"1,19,25,942",55,"2,68,550",594,"10,01,22,224","7,97,248","12,55,84,838"
7,S. Korea,"3,11,92,401","15,741","34,497",10,"3,09,33,205","11,658","2,24,699",137,"6,07,685",672,"1,58,04,065","3,07,892","5,13,29,899"
8,Italy,"2,57,88,387",,"1,89,738",,"2,54,68,617",,"1,30,032",100,"4,27,932","3,149","27,14,49,155","45,04,425","6,02,62,770"
9,UK,"2,45,69,895",,"2,23,396",,"2,43,17,102",,"29,397",N/A,"3,58,696","3,261","52,25,26,476","76,28,357","6,84,97,907"
10,Russia,"2,28,55,451",,"3,98,336",,"2,22,54,575",,"2,02,540",N/A,"1,56,753","2,732","27,34,00,000","18,75,095","14,58,05,947"
11,Turkey,"1,72,32,066",,"1,02,174",,N/A,N/A,N/A,,"2,01,399","1,194","16,27,43,369","19,02,052","8,55,61,976"
12,Spain,"1,38,25,052",,"1,20,715",,"1,36,65,628",,"38,709",231,"2,95,918","2,584","47,10,36,328","1,00,82,298","4,67,19,142"
13,Vietnam,"1,15,63,091",,"43,191",,"1,06,22,744",,"8,97,156",123,"1,16,854",436,"8,58,26,548","8,67,342","9,89,53,541"
14,Australia,"1,14,41,894",,"20,272",,"1,13,94,719",,"26,903",61,"4,38,912",778,"7,88,35,048","30,24,116","2,60,68,792"
15,Taiwan,"1,02,39,998",,"19,005",,"1,02,20,993",,0,,"4,28,656",796,"3,07,42,304","12,86,903","2,38,88,595"
16,Argentina,"1,00,44,957",,"1,30,472",,"99,14,485",,0,363,"2,18,320","2,836","3,57,16,069","7,76,264","4,60,10,234"
17,Netherlands,"86,10,372",,"22,992",,"85,86,669",,711,53,"5,00,270","1,336","2,59,84,435","15,09,718","1,72,11,447"
18,Iran,"76,06,689",,"1,46,005",,"73,42,490",,"1,18,194",407,"88,426","1,697","5,53,53,767","6,43,478","8,60,22,837"
19,Mexico,"75,87,421",,"3,33,895",,"68,32,210",,"4,21,316",N/A,"57,671","2,538","1,99,03,879","1,51,288","13,15,62,772"
20,Indonesia,"67,75,613",,"1,61,300",,"66,00,433",,"13,880",N/A,"24,274",578,"11,41,58,919","4,08,975","27,91,34,505"
21,Poland,"65,13,902",,"1,19,555",,"53,35,940",,"10,58,407",696,"1,72,600","3,168","3,86,66,687","10,24,560","3,77,39,785"
22,Colombia,"63,64,636",,"1,42,713",,"61,87,047",,"34,876",342,"1,23,555","2,770","3,69,51,507","7,17,327","5,15,12,762"
23,Austria,"60,65,711",,"22,372",,"60,33,080",,"10,259",55,"6,69,009","2,467","21,12,73,524","2,33,02,116","90,66,710"
24,Greece,"59,99,934",,"36,711",,"59,58,024",867,"5,199",115,"5,81,578","3,558","10,22,28,365","99,09,078","1,03,16,637"
25,Portugal,"55,80,792",,"26,550",,"55,50,033","1,553","4,209",61,"5,50,343","2,618","4,60,82,209","45,44,341","1,01,40,570"
26,Ukraine,"55,18,614",,"1,12,023",,"53,72,913",,"33,678",,"1,27,769","2,594","3,26,03,805","7,54,855","4,31,92,122"
27,Chile,"52,84,258",,"64,497",,"52,19,202",,559,51,"2,74,504","3,350","4,94,04,907","25,66,463","1,92,50,195"
28,Malaysia,"50,71,840",,"37,020",,"50,20,529",,"14,291",29,"1,52,853","1,116","6,83,47,420","20,59,832","3,31,81,072"
29,Israel,"48,21,891",,"12,490",,"47,98,473",,"10,928",21,"5,17,037","1,339","4,13,73,364","44,36,346","93,26,000"
30,Belgium,"47,93,425",,"34,237",,"47,44,322",861,"14,866",43,"4,10,808","2,934","3,70,18,657","31,72,590","1,16,68,278"
31,DPRK,"47,72,813",,74,,"47,72,739",,0,,"1,83,636",3,,,"2,59,90,679"
32,Thailand,"47,32,301",,"33,957",,"46,92,636",,"5,708",N/A,"67,529",485,"1,72,70,775","2,46,450","7,00,78,203"
33,Canada,"46,41,301",,"52,247",,"45,82,030","1,219","7,024",99,"1,20,904","1,361","6,63,43,123","17,28,207","3,83,88,419"
34,Czechia,"46,40,341",,"42,766",,"45,95,101",,"2,474",10,"4,32,191","3,983","5,71,78,442","53,25,472","1,07,36,784"
35,Peru,"45,01,130",,"2,20,122",,"42,78,201",400,"2,807",27,"1,33,627","6,535","3,85,21,551","11,43,609","3,36,84,208"
36,Switzerland,"44,01,379",,"14,452",,"43,83,180",,"3,747",39,"5,01,660","1,647","2,38,33,472","27,16,487","87,73,637"
37,Philippines,"40,92,158",,"66,444",,"40,20,644",,"5,070",162,"36,372",591,"3,50,12,232","3,11,195","11,25,08,994"
38,South Africa,"40,76,463",,"1,02,595",,"39,12,506",,"61,362",192,"67,095","1,689","2,67,95,090","4,41,027","6,07,56,135"
39,Romania,"33,87,788",,"68,047",,"33,12,844",,"6,897",120,"1,78,011","3,576","2,72,42,332","14,31,446","1,90,31,335"
40,Denmark,"31,80,580",,"8,556",,"31,71,125",,899,19,"5,45,091","1,466","12,92,66,792","2,21,53,882","58,34,950"
41,Hong Kong,"28,91,168",,"13,542",,"28,70,978",,"6,648",28,"3,80,202","1,781","7,61,27,725","1,00,11,143","76,04,299"
42,Sweden,"27,06,137",,"24,087",,"26,78,536",94,"3,514",8,"2,64,815","2,357","1,95,00,873","19,08,301","1,02,18,971"
43,Serbia,"25,34,886",,"18,021",,"25,08,765",,"8,100",12,"2,92,948","2,083","1,27,90,204","14,78,121","86,53,016"
44,Iraq,"24,65,545",,"25,375",,"24,39,497",,673,21,"58,474",602,"1,95,44,451","4,63,523","4,21,64,965"
45,Singapore,"23,40,779",,"1,727",,"21,49,583",,"1,89,469",2,"3,93,835",291,"2,47,56,666","41,65,302","59,43,546"
46,New Zealand,"23,24,094",,"4,154",,"23,10,320",,"9,620",,"4,74,479",848,"77,68,604","15,86,011","48,98,203"
47,Hungary,"22,01,355",,"48,846",,"21,48,647",,"3,862",13,"2,29,158","5,085","1,13,94,556","11,86,160","96,06,259"
48,Bangladesh,"20,38,174",,"29,446",,"19,98,448",,"10,280",N/A,"12,140",175,"1,52,54,399","90,862","16,78,85,689"
49,Slovakia,"18,66,312",,"21,167",,"18,44,915",11,230,22,"3,41,803","3,877","74,25,402","13,59,916","54,60,193"
50,Georgia,"18,38,936",,"17,049",,"17,76,548",,"45,339",,"4,63,355","4,296","1,69,20,079","42,63,340","39,68,738"
51,Jordan,"17,46,997",,"14,122",,"17,31,007",,"1,868",59,"1,69,597","1,371","1,72,01,885","16,69,945","1,03,00,869"
52,Ireland,"17,09,705",,"8,824",,"16,99,428",113,"1,453",19,"3,40,565","1,758","1,30,83,449","26,06,161","50,20,199"
53,Pakistan,"15,80,760",11,"30,657",,"15,38,689",,"11,414",8,"6,888",134,"3,05,71,377","1,33,215","22,94,88,994"
54,Norway,"14,83,222",,"5,213",,"14,77,022",,987,20,"2,69,120",946,"1,10,02,430","19,96,315","55,11,370"
55,Finland,"14,73,603",,"9,308",,"14,59,558",226,"4,737",21,"2,65,277","1,676","1,20,69,254","21,72,699","55,54,960"
56,Kazakhstan,"14,11,622",,"13,848",,"13,83,020",,"14,754",24,"73,503",721,"1,15,75,012","6,02,707","1,92,05,043"
57,Slovenia,"13,43,278",,"7,100",,"13,28,006",,"8,172",8,"6,46,418","3,417","28,47,701","13,70,382","20,78,034"
58,Lithuania,"13,18,488",,"9,667",,"13,06,488",,"2,333",3,"4,95,354","3,632","1,04,36,425","39,20,950","26,61,708"
59,Bulgaria,"13,04,393",,"38,328",,"12,63,087",,"2,978",43,"1,90,573","5,600","1,11,81,588","16,33,637","68,44,597"
60,Morocco,"12,73,130",,"16,297",,"12,56,151",,682,3,"33,705",431,"1,30,01,033","3,44,191","3,77,72,756"
61,Croatia,"12,72,886",,"18,180",,"12,53,558",,"1,148",6,"3,13,574","4,479","55,82,393","13,75,215","40,59,286"
62,Guatemala,"12,48,521",,"20,196",,"12,27,063",,"1,262",5,"67,182","1,087","72,23,832","3,88,712","1,85,84,039"
63,Lebanon,"12,36,702",,"10,900",,"10,87,587",,"1,38,215",74,"1,85,001","1,631","47,95,578","7,17,380","66,84,849"
64,Costa Rica,"12,27,546",,"9,339",,"8,60,711",,"3,57,496",52,"2,36,870","1,802","46,59,757","8,99,158","51,82,354"
65,Bolivia,"11,97,318",,"22,377",,"11,66,279",,"8,662",220,"99,838","1,866","27,05,422","2,25,590","1,19,92,656"
66,Tunisia,"11,52,612",,"29,387",,N/A,N/A,N/A,44,"95,679","2,439","50,09,562","4,15,847","1,20,46,656"
67,Cuba,"11,13,319",,"8,530",,"11,04,635",,154,2,"98,475",754,"1,43,45,279","12,68,859","1,13,05,652"
68,UAE,"10,63,002",,"2,349",,"10,46,765",,"13,888",,"1,05,438",233,"20,03,69,120","1,98,74,369","1,00,81,785"
69,Ecuador,"10,61,100",,"36,019",,"10,23,510",,"1,571",759,"58,581","1,989","30,82,403","1,70,173","1,81,13,361"
70,Uruguay,"10,37,893",,"7,625",,"10,29,835",,433,18,"2,96,879","2,181","61,14,822","17,49,083","34,96,016"
71,Panama,"10,36,733",,"8,621",,"10,27,554",,558,16,"2,33,133","1,939","76,36,393","17,17,215","44,46,964"
72,Mongolia,"10,07,993",,"2,179",,"10,05,764",,50,192,"2,98,392",645,"40,30,048","11,93,000","33,78,078"
73,Nepal,"10,02,982",,"12,030",,"9,90,669",,283,,"33,183",398,"60,35,358","1,99,677","3,02,25,582"
74,Belarus,"9,94,037",,"7,118",,"9,85,592",,"1,327",,"1,05,381",755,"1,36,46,641","14,46,722","94,32,800"
75,Latvia,"9,77,612",,"6,321",,"9,70,953",,338,13,"5,28,771","3,419","78,73,394","42,58,566","18,48,837"
76,Saudi Arabia,"8,40,812",,"9,644",,"8,27,146",,"4,022",88,"23,457",269,"4,54,56,095","12,68,133","3,58,44,909"
77,Azerbaijan,"8,31,386",,"10,242",,"8,20,873",,271,,"80,715",994,"75,90,936","7,36,969","1,03,00,205"
78,Paraguay,"8,09,731",,"19,916",,N/A,N/A,N/A,7,"1,10,833","2,726","26,57,506","3,63,751","73,05,843"
79,Bahrain,"7,20,111",,"1,562",,"7,18,027",,522,1,"4,03,654",876,"1,08,30,527","60,70,981","17,83,983"
80,Sri Lanka,"6,72,171",,"16,842",,"6,55,303",,26,,"31,154",781,"64,86,117","3,00,619","2,15,75,842"
81,Kuwait,"6,65,741",,"2,570",,"6,60,237",,"2,934",,"1,51,984",587,"84,55,743","19,30,391","43,80,326"
82,Dominican Republic,"6,61,008",,"4,384",,"6,44,785",,"11,839",4,"59,785",397,"37,40,928","3,38,350","1,10,56,370"
83,Cyprus,"6,58,450",,"1,354",,"6,55,550",,"1,546",60,"5,38,219","1,107","96,40,118","78,79,860","12,23,387"
84,Myanmar,"6,34,983",,"19,492",,"6,14,869",,622,,"11,498",353,"1,03,74,161","1,87,845","5,52,27,143"
85,Palestine,"6,21,008",,"5,404",,"6,15,445",,159,17,"1,16,173","1,011","30,78,533","5,75,907","53,45,541"
86,Moldova,"6,20,253",,"12,112",,"5,04,142",,"1,03,999",49,"1,54,554","3,018","32,16,305","8,01,437","40,13,171"
87,Estonia,"6,17,917",,"3,001",,"5,24,990",,"89,926",3,"4,67,443","2,270","37,03,808","28,01,861","13,21,910"
88,Venezuela,"5,52,644",,"5,856",,"5,46,510",,278,31,"18,883",200,"33,59,014","1,14,771","2,92,66,991"
89,Egypt,"5,15,970",,"24,613",,"4,42,182",,"49,175",122,"4,860",232,"36,93,367","34,792","10,61,56,692"
90,Libya,"5,07,250",,"6,437",,"5,00,807",,6,,"72,045",914,"24,83,848","3,52,782","70,40,745"
91,Qatar,"5,06,323",,690,,"5,04,400",,"1,233",44,"1,69,912",232,"40,65,369","13,64,257","29,79,915"
92,China,"5,03,302",,"5,272",,"3,79,053",,"1,18,977",N/A,347,4,"16,00,00,000","1,10,461","1,44,84,71,400"
93,Ethiopia,"5,00,837",,"7,574",,"4,87,973",,"5,290",1,"4,146",63,"55,41,916","45,872","12,08,12,698"
94,Réunion,"4,86,588",,921,,"4,18,572",,"67,095",10,"5,35,854","1,014","16,03,660","17,66,027","9,08,061"
95,Honduras,"4,72,533",,"11,112",,N/A,N/A,N/A,105,"46,230","1,087","16,52,947","1,61,717","1,02,21,247"
96,Armenia,"4,48,980",,"8,746",,"4,35,162",,"5,072",,"1,51,072","2,943","32,42,901","10,91,164","29,71,966"
97,Bosnia and Herzegovina,"4,02,804",,"16,336",,"3,79,084",,"7,384",,"1,23,966","5,028","18,84,721","5,80,036","32,49,317"
98,Oman,"3,99,449",,"4,628",,"3,84,669",,"10,152",2,"75,028",869,"2,50,00,000","46,95,724","53,23,993"
99,North Macedonia,"3,48,057",,"9,672",,"3,37,068",,"1,317",,"1,67,230","4,647","22,26,216","10,69,626","20,81,304"
100,Zambia,"3,43,910",,"4,058",,"3,39,811",,41,,"17,663",208,"40,33,092","2,07,141","1,94,70,234"
101,Kenya,"3,43,035",,"5,688",,"3,37,305",,42,1,"6,102",101,"39,67,062","70,569","5,62,15,221"
102,Albania,"3,34,726",,"3,602",,"3,29,428",,"1,696",,"1,16,777","1,257","19,41,032","6,77,173","28,66,374"
103,Botswana,"3,29,847",,"2,801",,"3,27,046",,0,1,"1,35,119","1,147","20,26,898","8,30,300","24,41,162"
104,Luxembourg,"2,97,757",,"1,133",,"2,88,991",,"7,633",,"4,63,528","1,764","44,12,567","68,69,188","6,42,371"
105,Montenegro,"2,91,438",,"2,824",,"2,87,989",,625,6,"4,64,110","4,497","27,47,879","43,75,952","6,27,950"
106,Brunei,"2,85,740",,225,,"2,43,601",,"41,914",3,"6,41,491",505,"7,17,784","16,11,437","4,45,431"
107,Algeria,"2,71,719",,"6,881",,"1,82,963",,"81,875",,"5,992",152,"2,30,960","5,093","4,53,50,148"
108,Nigeria,"2,66,675",,"3,155",,"2,59,953",,"3,567",11,"1,230",15,"57,08,974","26,339","21,67,46,934"
109,Zimbabwe,"2,64,639",,"5,686",,"2,58,888",,65,12,"17,261",371,"25,25,756","1,64,744","1,53,31,428"
110,Uzbekistan,"2,52,725",,"1,637",,"2,41,486",,"9,602",23,"7,350",48,"13,77,915","40,077","3,43,82,084"
111,Mozambique,"2,33,334",,"2,242",,"2,28,805",,"2,287",11,"7,052",68,"13,71,127","41,437","3,30,89,461"
112,Martinique,"2,29,807",,"1,098",,N/A,N/A,N/A,12,"6,14,314","2,935","8,28,928","22,15,870","3,74,087"
113,Laos,"2,18,077",,758,,N/A,N/A,N/A,,"29,151",101,"12,33,207","1,64,845","74,81,023"
114,Afghanistan,"2,15,434",,"7,896",,"1,93,890",,"13,648",45,"5,286",194,"12,34,918","30,301","4,07,54,388"
115,Iceland,"2,09,191",,229,,N/A,N/A,N/A,2,"6,05,661",663,"19,96,384","57,80,036","3,45,393"
116,Kyrgyzstan,"2,06,876",,"2,991",,"1,96,406",,"7,479",131,"30,747",445,"19,07,195","2,83,460","67,28,271"
117,Guadeloupe,"2,02,482",,"1,017",,N/A,N/A,N/A,19,"5,06,466","2,544","9,38,039","23,46,306","3,99,794"
118,El Salvador,"2,01,785",,"4,230",,"1,79,410",,"18,145",8,"30,805",646,"26,10,114","3,98,467","65,50,389"
119,Trinidad and Tobago,"1,91,350",,"4,387",,"1,86,918",,45,8,"1,36,039","3,119","9,11,009","6,47,674","14,06,585"
120,Maldives,"1,86,241",,313,,"1,63,687",,"22,241",25,"3,44,263",579,"22,13,831","40,92,223","5,40,985"
121,Ghana,"1,71,657",,"1,462",,"1,70,161",,34,2,"5,299",45,"25,36,496","78,298","3,23,95,450"
122,Namibia,"1,71,222",,"4,090",,"1,67,099",,33,,"65,008","1,553","10,62,663","4,03,460","26,33,874"
123,Uganda,"1,70,647",,"3,632",,"1,00,431",,"66,584",3,"3,523",75,"30,12,408","62,198","4,84,32,863"
124,Jamaica,"1,54,786",,"3,536",,"1,02,803",,"48,447",,"51,853","1,185","11,83,986","3,96,633","29,85,094"
125,Cambodia,"1,38,733",,"3,056",,"1,35,675",,2,,"8,081",178,"30,91,420","1,80,062","1,71,68,639"
126,Rwanda,"1,33,194",,"1,468",,"1,31,647",,79,,"9,793",108,"60,21,981","4,42,778","1,36,00,464"
127,Cameroon,"1,24,895",,"1,971",,"1,22,807",,117,13,"4,475",71,"17,51,774","62,762","2,79,11,548"
128,Malta,"1,18,441",,835,,"1,16,962",,644,4,"2,66,739","1,880","21,33,928","48,05,787","4,44,033"
129,Barbados,"1,07,466",,588,,"1,06,869",,9,,"3,73,116","2,042","8,00,831","27,80,441","2,88,023"
130,Angola,"1,05,384",,"1,934",,"1,03,419",,31,,"3,009",55,"14,99,795","42,818","3,50,27,343"
131,Channel Islands,"1,01,717",,228,,"1,01,321",,168,,"5,76,421","1,292","12,52,808","70,99,551","1,76,463"
132,French Guiana,"98,041",,420,,"11,254",,"86,367",6,"3,12,065","1,337","6,51,257","20,72,951","3,14,169"
133,DRC,"95,945",,"1,464",,"84,489",,"9,992",,"1,007",15,"8,46,704","8,890","9,52,40,792"
134,Senegal,"88,995",,"1,971",,"87,022",,2,,"5,041",112,"11,46,543","64,946","1,76,53,671"
135,Malawi,"88,722",,"2,686",,"85,644",,392,67,"4,396",133,"6,24,784","30,959","2,01,80,839"
136,Ivory Coast,"88,325",,834,,"87,486",,5,,"3,184",30,"16,89,487","60,899","2,77,42,298"
137,Suriname,"82,495",,"1,404",,N/A,N/A,N/A,,"1,38,222","2,352","2,41,666","4,04,915","5,96,831"
138,New Caledonia,"79,922",,314,,"79,605",,3,9,"2,74,726","1,079","98,964","3,40,182","2,90,915"
139,French Polynesia,"78,417",,649,,N/A,N/A,N/A,7,"2,75,957","2,284",,,"2,84,164"
140,Eswatini,"74,627",,"1,425",,"73,116",,86,,"62,986","1,203","10,48,704","8,85,119","11,84,817"
141,Guyana,"73,162",,"1,298",,"71,824",,40,,"92,138","1,635","7,28,633","9,17,622","7,94,045"
142,Belize,"70,782",,688,,"70,085",,9,6,"1,71,722","1,669","5,76,016","13,97,453","4,12,190"
143,Fiji,"68,921",,883,,"67,029",,"1,009",,"75,782",971,"6,70,903","7,37,689","9,09,466"
144,Madagascar,"68,236",,"1,424",,"66,786",,26,,"2,339",49,"5,30,005","18,164","2,91,78,077"
145,Sudan,"63,993",,"5,046",,"58,640",,307,,"1,391",110,"5,62,941","12,240","4,59,92,020"
146,Mauritania,"63,715",,997,,"62,471",,247,,"12,998",203,"10,09,957","2,06,030","49,01,981"
147,Cabo Verde,"63,473",,413,,"62,892",,168,23,"1,11,812",728,"4,01,622","7,07,482","5,67,678"
148,Bhutan,"62,663",,21,,"61,564",,"1,078",,"79,528",27,"23,03,734","29,23,739","7,87,941"
149,Syria,"57,508",,"3,164",,"54,344",,0,,"2,970",163,"1,46,269","7,553","1,93,64,809"
150,Burundi,"53,731",,38,,"53,569",,124,,"4,256",3,"3,45,742","27,386","1,26,24,840"
151,Seychelles,"50,937",,172,,"50,750",,15,,"5,12,311","1,730",,,"99,426"
152,Gabon,"48,981",,306,,"48,674",,1,,"21,008",131,"16,21,909","6,95,641","23,31,533"
153,Andorra,"47,945",,165,,"47,563",,217,14,"6,18,941","2,130","2,49,838","32,25,256","77,463"
154,Papua New Guinea,"46,838",,670,,"43,982",,"2,186",7,"5,041",72,"2,49,149","26,813","92,92,169"
155,Curaçao,"45,986",,295,,"44,720",,971,3,"2,77,812","1,782","4,96,693","30,00,640","1,65,529"
156,Aruba,"44,114",,236,,"42,438",,"1,440",2,"4,09,947","2,193","1,77,885","16,53,068","1,07,609"
157,Tanzania,"42,973",,846,,N/A,N/A,N/A,7,679,13,,,"6,32,98,550"
158,Mauritius,"42,152",,"1,045",,"40,357",,750,,"33,067",820,"3,58,675","2,81,374","12,74,727"
159,Mayotte,"42,027",,188,,N/A,N/A,N/A,,"1,46,815",657,"1,76,919","6,18,038","2,86,259"
160,Togo,"39,487",,290,,"39,184",,13,,"4,549",33,"8,10,964","93,420","86,80,837"
161,Guinea,"38,462",,467,,"37,757",,238,8,"2,774",34,"6,60,107","47,607","1,38,65,691"
162,Bahamas,"38,084",,844,,"36,366",,874,1,"95,087","2,107","2,57,839","6,43,767","4,00,516"
163,Isle of Man,"38,008",,116,,N/A,N/A,N/A,,"4,43,335","1,353","1,50,753","17,58,422","85,732"
164,Lesotho,"34,790",,723,,"25,980",,"8,087",,"15,990",332,"4,31,221","1,98,199","21,75,699"
165,Faeroe Islands,"34,658",,28,,N/A,N/A,N/A,5,"7,03,959",569,"7,78,000","1,58,02,409","49,233"
166,Haiti,"34,228",,860,,"33,342",,26,,"2,930",74,"1,32,422","11,337","1,16,80,283"
167,Mali,"33,144",,743,,"32,321",,80,,"1,543",35,"8,03,283","37,408","2,14,73,764"
168,Cayman Islands,"31,472",,37,,"8,553",,"22,882",1,"4,67,797",550,"2,22,773","33,11,280","67,277"
169,Saint Lucia,"30,052",,409,,"29,095",,548,,"1,62,344","2,209","2,10,983","11,39,752","1,85,113"
170,Benin,"28,014",,163,,"27,847",,4,,"2,191",13,"6,04,310","47,268","1,27,84,726"
171,Somalia,"27,334",,"1,361",,"13,182",,"12,791",,"1,623",81,"4,00,466","23,778","1,68,41,795"
172,Micronesia,"26,080",,65,,N/A,N/A,N/A,1,"2,21,978",553,"81,349","6,92,397","1,17,489"
173,Congo,"25,375",,386,,"24,006",,983,,"4,377",67,"3,47,815","59,991","57,97,805"
174,Solomon Islands,"24,575",,153,,N/A,N/A,N/A,1,"34,077",212,,,"7,21,159"
175,San Marino,"24,132",,125,,"23,950",,57,4,"7,07,995","3,667","1,96,855","57,75,414","34,085"
176,Timor-Leste,"23,428",,138,,"23,102",,188,,"17,108",101,"2,78,529","2,03,391","13,69,429"
177,Burkina Faso,"22,056",,396,,"21,596",,64,,998,18,"2,48,995","11,265","2,21,02,838"
178,Liechtenstein,"21,437",,91,,"21,345",,1,,"5,58,444","2,371","1,12,457","29,29,559","38,387"
179,Gibraltar,"20,550",,113,,"16,579",,"3,858",,"6,09,720","3,353","5,34,283","1,58,52,213","33,704"
180,Grenada,"19,693",,238,,"19,358",,97,4,"1,73,545","2,097","1,82,981","16,12,523","1,13,475"
181,Bermuda,"18,860",,165,,"18,685",,10,,"3,04,493","2,664","10,29,558","1,66,22,128","61,939"
182,Nicaragua,"18,491",,225,,"4,225",,"14,041",,"2,728",33,,,"67,79,100"
183,South Sudan,"18,368",,138,,"18,115",,115,1,"1,581",12,"4,10,280","35,313","1,16,18,511"
184,Tajikistan,"17,786",,125,,"17,264",,397,,"1,786",13,,,"99,57,464"
185,Equatorial Guinea,"17,229",,183,,"16,907",,139,5,"11,512",122,"3,65,697","2,44,342","14,96,662"
186,Tonga,"16,814",,13,,"15,638",,"1,163",,"1,56,048",121,"5,35,009","49,65,327","1,07,749"
187,Samoa,"16,737",,31,,"1,605",,"15,101",,"82,759",153,"1,87,397","9,26,612","2,02,239"
188,Monaco,"16,178",,67,,"15,992",,119,4,"4,06,656","1,684","78,646","19,76,875","39,783"
189,Marshall Islands,"16,081",,17,,"15,954",,110,,"2,67,762",283,,,"60,057"
190,Dominica,"15,760",,74,,"15,673",,13,,"2,17,848","1,023","2,29,344","31,70,187","72,344"
191,Djibouti,"15,690",,189,,"15,427",,74,,"15,441",186,"3,05,941","3,01,094","10,16,097"
192,CAR,"15,368",,113,,"15,200",,55,2,"3,063",23,"81,294","16,205","50,16,678"
193,Gambia,"12,626",,372,,"12,189",,65,,"4,935",145,"1,55,686","60,851","25,58,482"
194,Saint Martin,"12,293",,63,,"1,399",,"10,831",7,"3,09,414","1,586","1,12,382","28,28,643","39,730"
195,Vanuatu,"12,014",,14,,"11,976",,24,,"37,330",44,"24,976","77,606","3,21,832"
196,Greenland,"11,971",,21,,"2,761",,"9,189",4,"2,10,117",369,"1,64,926","28,94,810","56,973"
197,Yemen,"11,945",,"2,159",,"9,124",,662,23,383,69,"3,29,592","10,579","3,11,54,867"
198,Caribbean Netherlands,"11,682",,38,,"10,476",,"1,168",,"4,38,398","1,426","30,126","11,30,559","26,647"
199,Sint Maarten,"11,030",,92,,"10,905",,33,N/A,"2,50,876","2,093","62,056","14,11,454","43,966"
200,Eritrea,"10,189",,103,,"10,086",,0,,"2,782",28,"23,693","6,470","36,62,244"
201,Niger,"9,931",,312,,"8,890",,729,1,381,12,"2,54,538","9,759","2,60,83,660"
202,St. Vincent Grenadines,"9,611",,124,,"9,480",,7,,"86,158","1,112","1,14,024","10,22,169","1,11,551"
203,Guinea-Bissau,"9,350",,176,,"8,929",,245,6,"4,531",85,"1,45,231","70,385","20,63,367"
204,Antigua and Barbuda,"9,106",,146,,"8,954",,6,1,"91,509","1,467","18,901","1,89,943","99,509"
205,Comoros,"9,105",,161,,"8,939",,5,,"10,034",177,,,"9,07,419"
206,Liberia,"8,090",,295,,"7,783",,12,2,"1,525",56,"1,39,824","26,356","53,05,117"
207,Sierra Leone,"7,762",,126,,N/A,N/A,N/A,,934,15,"2,59,958","31,296","83,06,436"
208,Chad,"7,698",,194,,"4,874",,"2,630",,442,11,"1,91,341","10,988","1,74,13,580"
209,British Virgin Islands,"7,305",,64,,N/A,N/A,N/A,,"2,38,757","2,092","1,07,339","35,08,269","30,596"
210,Cook Islands,"7,062",,2,,"7,059",,1,,"4,01,912",114,"19,690","11,20,596","17,571"
211,Saint Kitts and Nevis,"6,598",,48,,"6,550",,0,,"1,22,478",891,"1,26,939","23,56,351","53,871"
212,Sao Tome and Principe,"6,568",,80,,"6,482",,6,,"28,848",351,"29,036","1,27,530","2,27,679"
213,Turks and Caicos,"6,565",,38,,"6,509",,18,4,"1,65,195",956,"6,12,335","1,54,08,143","39,741"
214,Palau,"5,999",,9,,"5,990",,0,,"3,29,019",494,"69,574","38,15,828","18,233"
215,St. Barth,"5,485",,6,,N/A,N/A,N/A,,"5,51,533",603,"78,646","79,08,095","9,945"
216,Nauru,"5,393",,1,,"5,347",,45,,"4,94,635",92,"20,509","18,81,042","10,903"
217,Kiribati,"5,025",,24,,"2,703",,"2,298",3,"40,715",194,,,"1,23,419"
218,Anguilla,"3,904",,12,,"3,879",,13,4,"2,56,336",788,"51,382","33,73,736","15,230"
219,Macao,"3,520",,121,,"3,398",,1,,"5,273",181,"7,850","11,760","6,67,490"
220,Saint Pierre Miquelon,"3,452",,2,,"2,449",,"1,001",1,"5,99,410",347,"25,400","44,10,488","5,759"
221,Wallis and Futuna,"3,427",,7,,438,,"2,982",,"3,12,056",637,"20,508","18,67,419","10,982"
222,Tuvalu,"2,805",,,,,,"2,805",,"2,32,471",,,,"12,066"
223,Saint Helena,"2,166",,,,2,,"2,164",,"3,54,211",,,,"6,115"
224,Falkland Islands,"1,930",,,,"1,930",,0,,"5,45,352",,"8,632","24,39,107","3,539"
225,Montserrat,"1,403",,8,,"1,376",,19,,"2,82,578","1,611","17,762","35,77,442","4,965"
226,Niue,801,,,,801,,0,,"4,93,835",,,,"1,622"
227,Diamond Princess,712,,13,,699,,0,,,,,,
228,Vatican City,29,,,,29,,0,,"36,295",,,,799
229,Western Sahara,10,,1,,9,,0,,16,2,,,"6,26,161"
230,MS Zaandam,9,,2,,7,,0,,,,,,
231,Tokelau,5,,,,,,5,,"3,628",,,,"1,378"
,Total:,"68,72,25,609","15,752","68,66,733",10,"65,97,31,745","15,765","2,06,27,131","39,389","88,164.60",880.9,,,
,,,,,,,,,,,,,,
,,,,,,,,,,,,,,
